target_idx,target_sent,sents_intrp_all_bins,sim_intrp_all_bins,base_PPL,local_unintrp_PPL,local_intrp_PPL_all_bins,global_unintrp_PPL,global_intrp_PPL_all_bins,base_entropy,local_unintrp_entropy,local_intrp_entropy_all_bins,global_unintrp_entropy,global_intrp_entropy_all_bins
19,Another factor is finances.,[['Money is one of the factors.']],[[0.68281925]],616.8350219726562,616.8350219726562,[374.98199462890625],450.73834228515625,[248.5178985595703],-253.1230926513672,-253.1230926513672,[-183.1343994140625],-206.66868591308594,[-396.04901123046875]
26,"Stress, for example, can cause even the strongest relationships to crumble, psychologists' research finds.","[[""According to psychologists' research, stress can cause the strongest relationships to fall apart.""]]",[[0.86910862]],446.5456237792969,446.5456237792969,[241.03265380859375],220.72674560546875,[197.2225341796875],-250.85403442382812,-250.85403442382812,[-251.5399169921875],-518.619873046875,[-9730.7880859375]
44,"Men's feet, on the other hand, did not have such predictive powers — they were more likely to be cold in the first place (Journal of Family Psychology, 2012).","[[""The Journal of Family Psychology found that men's feet were more likely to be cold than the other way around.""]]",[[0.76236653]],61.292842864990234,61.292842864990234,[46.79656982421875],40.92763900756836,[38.32942581176758],-231.44439697265625,-231.44439697265625,[-377.4656066894531],-640.0128784179688,[-462.7209167480469]
47,Orbuch's analysis suggests the trajectory from bad to worse is likely to continue throughout the marriage and eventually to lead to divorce.,"[[""The trajectory from bad to worse is likely to continue throughout the marriage, according to Orbuch's analysis.""]]",[[0.84429407]],128.5489044189453,128.5489044189453,[112.90628814697266],91.526123046875,[84.34737396240234],-311.29864501953125,-311.29864501953125,[-341.71124267578125],-553.9183349609375,[-306.5248718261719]
76,"But nice talk isn't enough, says Orbuch.","[[""Nice talk isn't enough according to Orbuch.""]]",[[0.72238374]],882.2310791015625,882.2310791015625,[483.8819274902344],864.5370483398438,[614.6332397460938],-283.57940673828125,-283.57940673828125,[-146.81753540039062],-296.4828186035156,[-692.6640014648438]
