target_idx,target_sent,sents_intrp_all_bins,sim_intrp_all_bins,base_PPL,unintrp_PPL,intrp_PPL_all_bins,local_PPL_all_bins
43,"After I get Carla settled, you’re mine, Lady.","[['You are mine, Lady, after I get Carla settled.']]",[[0.89726555]],257.9985046386719,150.69512939453125,[81.80874633789062],[108.28443908691406]
241,Another man had joined him because she heard two voices.,"[[""She heard two voices and that's when another man joined him.""]]",[[0.80565578]],230.96539306640625,108.16316986083984,[82.09619903564453],[112.84546661376953]
402,"“Thank you, but it was a long night.","[['Thank you, but it was a long night.']]",[[0.83958054]],75.6431884765625,34.86418914794922,[42.87895202636719],[61.182437896728516]
78,Arrogant Boor.,[['Boor is arrogant.']],[[0.69111669]],365.4657897949219,1997.71728515625,[1126.717529296875],[878.8900756835938]
261,“Are you sure?” Tess asked softly.,[['Tess asked if he was sure.']],[[0.62262654]],1484.405517578125,486.8308410644531,[420.0450439453125],[1343.3321533203125]
